status,group,name,source,resolution,url
dead,Documentare,Arcadia Television,curated,0,https://office.softer.ro/hls/stream.m3u8
dead,Documentare,Digi Animal World,curated,0,https://live3.cdn.dejacast.com/digianimalworld/digianimalworld_0.m3u8
dead,Documentare,Digi Life,curated,0,https://live3.cdn.dejacast.com/digilife/digilife_0.m3u8
dead,Documentare,Digi World,curated,0,https://live3.cdn.dejacast.com/digiworld/digiworld_0.m3u8
dead,Documentare,Hello Taste,override,0,https://stream1.antenaplay.ro/live/HelloTaste/playlist.m3u8
dead,Documentare,MediCOOL TV,override,0,https://stream1.antenaplay.ro/live/MediCOOLTV/chunklist.m3u8
dead,Filme,Happy Channel,curated,0,https://live7digi.antenaplay.ro/happy/happy_3000k.m3u8
dead,Generale,Angelus TV (1080p),iptv-org-ro,1080,https://video.angelustv.ro/hls/angelustv.m3u8
dead,Generale,Antena 1,override,0,https://live1ag.antenaplay.ro/live_a1ro/live_a1ro.m3u8
dead,Generale,Antena Comedy,override,0,https://live7digi.antenaplay.ro/acomedy/acomedy_3000k.m3u8
dead,Generale,Antena Cook & Play,override,0,https://live7digi.antenaplay.ro/acook/acook_3000k.m3u8
dead,Generale,Antena Stars,override,0,https://live7digi.antenaplay.ro/astars/astars_3000k.m3u8
dead,Generale,IasiTV Life (1080p) [Not 24/7],iptv-org-ro,1080,https://tv.streambox.ro/hls/itv/index.m3u8
dead,Generale,Kanal D,override,0,https://stream2.kanald.ro/iphone/knd-live.m3u8
dead,Generale,Prima TV,curated,0,https://stream1.1616.ro:1945/prima/livestream/playlist.m3u8
dead,Muzica,Balkan TV,curated,0,https://live3.cdn.dejacast.com/balkantv/balkantv_0.m3u8
dead,Muzica,Dibi TV,override,0,https://live3.cdn.dejacast.com/dibitv/dibitv_0.m3u8
dead,Muzica,Hora TV,curated,0,https://live3.cdn.dejacast.com/horatv/horatv_0.m3u8
dead,Muzica,Mooz Dance,curated,0,https://rtmp.digitalbroadcast.ro/moozdance/moozdance.m3u8
dead,Muzica,Mooz Hits,curated,0,https://rtmp.digitalbroadcast.ro/moozhits/moozhits.m3u8
dead,Muzica,Mooz Ro!,curated,0,https://rtmp.digitalbroadcast.ro/moozro/moozro.m3u8
dead,Muzica,Noroc TV,curated,0,https://live3.cdn.dejacast.com/noroctv/noroctv_0.m3u8
dead,Muzica,Taraf TV,curated,0,https://live3.cdn.dejacast.com/taraf/taraf_0.m3u8
dead,Muzica,Tezaur TV,curated,0,https://testcam.go.ro:8080/hls/tezaurtv.m3u8
dead,Muzica,Zu TV,curated,0,https://live3.cdn.dejacast.com/zutv/zutv_0.m3u8
dead,Radio,Dance FM,curated,0,https://astreaming.edi.ro:8443/dancefm_aac
dead,Radio,Radio ZU,override,0,https://live.radiozu.ro/radiozu.aacp
dead,Sport,Antena Sport [Not 24/7],override,0,https://stream1.antenaplay.ro/as/asrolive1/playlist.m3u8
dead,Sport,Digi Sport 1,curated,0,https://live3.cdn.dejacast.com/digisport1/digisport1_0.m3u8
dead,Sport,Digi Sport 2,curated,0,https://live3.cdn.dejacast.com/digisport2/digisport2_0.m3u8
dead,Sport,Digi Sport 3,curated,0,https://live3.cdn.dejacast.com/digisport3/digisport3_0.m3u8
dead,Sport,Digi Sport 4,curated,0,https://live3.cdn.dejacast.com/digisport4/digisport4_0.m3u8
dead,Sport,Eurosport 1 Romania,curated,0,https://live3.cdn.dejacast.com/eurosport1ro/eurosport1ro_0.m3u8
dead,Sport,Eurosport 2 Romania,curated,0,https://live3.cdn.dejacast.com/eurosport2ro/eurosport2ro_0.m3u8
dead,Sport,Realitatea Sportiva,override,0,https://streamx.realitatea.net/realitatea/sportiva_md/playlist.m3u8
dead,Stiri,Antena 3 CNN,curated,0,https://live7digi.antenaplay.ro/a3/a3_3000k.m3u8
dead,Stiri,B1 TV,curated,0,https://live3.cdn.dejacast.com/b1tv/b1tv_0.m3u8
dead,Stiri,Realitatea Plus,override,0,https://edge.realitatea.net/realitatea/plus_fq/playlist.m3u8
dead,Stiri,Romania TV,curated,0,https://livestream.romaniatv.net/clients/romaniatv/playlist.m3u8
geo,Filme,Pro Cinema,curated,0,https://cmero-ott-live-app-svod-sec.ssl.cdn.cra.cz/channels/cme-ro-procinema/playlist.m3u8
geo,Generale,PRO 2,override,0,https://cmero-ott-live-app-svod-sec.ssl.cdn.cra.cz/channels/cme-ro-pro2/playlist.m3u8
geo,Generale,PRO GOLD,override,0,https://cmero-ott-live-app-svod-sec.ssl.cdn.cra.cz/channels/cme-ro-progold/playlist.m3u8
geo,Generale,PRO TV,override,0,https://cmero-ott-live-app-svod-sec.ssl.cdn.cra.cz/channels/cme-ro-prox/playlist.m3u8
geo,Generale,PRO X,override,0,https://cmero-ott-live-app-svod-sec.ssl.cdn.cra.cz/channels/cme-ro-prox2/playlist.m3u8
geo,Generale,TV SUD (1080p) [Geo-blocked],override,1080,https://stream2.live-stream.ro/WebRTCApp/streams/118334672595255049029831.m3u8
timeout,Generale,Metropola TV (1080p) [Not 24/7],iptv-org-ro,1080,https://www.livemetropolatv.ro/MetropolaTV/Metro/playlist.m3u8
working,Documentare,Agro TV [Not 24/7],curated,0,https://agrotv.streamnet.ro/mobile_tv/agrotv.m3u8
working,Documentare,National Geographic,iptv-org-ro,0,https://onyx1.mofta1.cfd/ngeo/usergenrnd84oeigt.m3u8
working,Documentare,National Geographic Wild,override,0,https://flash1.bogulus1.cfd/wild/usergenr9qsi5gt.m3u8
working,Documentare,TV Paprika,iptv-org-ro,0,https://galandriel1.thobias11.cfd/papi/usergendxs3jk0s9nd.m3u8
working,Documentare,Viasat Explore,iptv-org-ro,0,https://arwen1.panaka1.cfd/vexplr/usergenrnd7ke5lgt.m3u8
working,Documentare,Viasat History,iptv-org-ro,0,https://arwen1.panaka1.cfd/vhis/usergenrnd4v6g8eigt.m3u8
working,Documentare,Viasat Nature,iptv-org-ro,0,https://arwen1.panaka1.cfd/vnature/usergenrnd2g9eqk.m3u8
working,Filme,Comedy Central,iptv-org-ro,0,https://saruman1.tharen1.cfd/comedi/usergenrx7zo1kr.m3u8
working,Filme,Comedy Play,override,0,https://stream1.antenaplay.ro/live/ComedyPlay/playlist.m3u8
working,Filme,Film Now,iptv-org-ro,0,https://thor1.syndula1.cfd/df/usergendlg1ks0t2n.m3u8
working,Filme,Timeless Dizi Channel,override,0,https://atlantida1.aquax1.cfd/dizy/usergendlk0tas9c.m3u8
working,Generale,A7TV (1080p),iptv-org-ro,1080,https://a7tvlive.ro/A7TV/A7TV/playlist.m3u8
working,Generale,Alfa Omega TV (1080p) [Not 24/7],iptv-org-ro,1080,https://aom-live.maghost.ro/aomTV/streams/OOztu5o9Fx6dh9mD1711027803849.m3u8
working,Generale,Antena Monden,override,0,https://stream1.antenaplay.ro/live/AntenaMonden/playlist.m3u8
working,Generale,Arges TV (720p),iptv-org-ro,720,https://btutzctahuf0wjoq.cdn.streamingserver.io/hls/yjvam8hlp2g3u08z02tv0yz66rq3cy.m3u8
working,Generale,Columna TV,iptv-org-ro,0,https://cdn.streamnet.pro/columnatv/live/playlist.m3u8
working,Generale,Credo TV (720p) [Not 24/7],iptv-org-ro,720,http://cdn.credonet.tv:1935/ctv/livecredo/playlist.m3u8
working,Generale,EMI TV,iptv-org-ro,0,https://astra.emitv.ro/hls/emi/index.m3u8
working,Generale,HD365 TV,iptv-org-ro,0,https://s2.netstreaming.eu/hd365.m3u8
working,Generale,JOB TV (1080p),iptv-org-ro,1080,https://jobtvserver.eu/hls/stream.m3u8
working,Generale,Kanal D2 (1080i),iptv-org-ro,1080,https://stream2.kanald.ro/iphone/knd2-live.m3u8
working,Generale,Kapital TV (1080p),iptv-org-ro,1080,https://1a-1791.com/live/qt9k24wa/live-hls/41w5-c26y/chunklist_i1_DVR.m3u8
working,Generale,Mireasa (720p),override,720,https://stream1.antenaplay.ro/live/MireasaExtra/playlist.m3u8
working,Generale,MISA TV,override,0,https://vidl.misatv.ro:5050/MSTV/romanian_720p_baseline/playlist.m3u8
working,Generale,Muscel TV (720p),override,720,https://cdn.streamnet.pro/musceltv/live/playlist.m3u8
working,Generale,National TV,iptv-org-ro,0,https://hls01ns.antenaplay.ro/hls/national-tv-sd/index.m3u8
working,Generale,Observator News (360p),iptv-org-ro,360,https://live77cdn2.antenaplay.ro/live_ObservatorNews/live_ObservatorNews.m3u8
working,Generale,PROFI 24 TV,iptv-org-ro,0,https://live.ro24tv.ro/hls/stream.m3u8
working,Generale,Qub TV,iptv-org-ro,0,https://live.djemba.ro/memfs/474f9942-f72b-4130-817a-435cd54b2c36.m3u8
working,Generale,SperantaTV (1080p),iptv-org-ro,1080,https://jstre.am/live/jsl:2gNjpghXRLE.m3u8
working,Generale,Telestar1,free-tv-ro,0,https://dvb.tennet.ro/mobile_tv/telestar.m3u8
working,Generale,Traditional TV (1080p),iptv-org-ro,1080,http://83.103.149.75:8085/udp/239.30.0.9:4000
working,Generale,TVR 1 Ⓖ,free-tv-ro,0,https://tvr-1.lg.mncdn.com/tvr1/smil:tvr1.smil/playlist.m3u8
working,Generale,TVR 2 Ⓖ,free-tv-ro,0,https://tvr-2.lg.mncdn.com/tvr2/smil:tvr2.smil/playlist.m3u8
working,Generale,TVR 3 Ⓖ,free-tv-ro,0,https://tvr-3.lg.mncdn.com/tvr3/smil:tvr3.smil/playlist.m3u8
working,Generale,TVR Cluj Ⓖ,free-tv-ro,0,https://tvr-cluj.lg.mncdn.com/tvrcluj/smil:tvrcluj.smil/playlist.m3u8
working,Generale,TVR Craiova Ⓖ,free-tv-ro,0,https://tvr-craiova.lg.mncdn.com/tvrcraiova/smil:tvrcraiova.smil/playlist.m3u8
working,Generale,TVR Cultural,iptv-org-ro,0,https://tvr-cultural.lg.mncdn.com/tvrcultural/smil:tvrcultural.smil/playlist.m3u8
working,Generale,TVR Folclor,override,0,https://tvr-folclor.lg.mncdn.com/tvrfolclor/smil:tvrfolclor.smil/playlist.m3u8
working,Generale,TVR Iași Ⓖ,free-tv-ro,0,http://82.208.141.70:8778/1.m3u8
working,Generale,TVR Info Ⓖ,free-tv-ro,0,https://tvr-info.lg.mncdn.com/tvrinfo/smil:tvrinfo.smil/playlist.m3u8
working,Generale,TVR International Ⓖ,free-tv-ro,0,https://tvr-international.lg.mncdn.com/tvrinternational/smil:tvrinternational.smil/playlist.m3u8
working,Generale,TVR Timișoara Ⓖ,free-tv-ro,0,https://tvr-timisoara.lg.mncdn.com/tvrtimisoara/smil:tvrtimisoara.smil/playlist.m3u8
working,Generale,TVR Tîrgu-Mureș Ⓖ,free-tv-ro,0,https://tvr-tgmures.lg.mncdn.com/tvrtgmures/smil:tvrtgmures.smil/playlist.m3u8
working,Kids,Disney Channel,override,0,https://galandriel1.thobias11.cfd/dysnee/usergendx0k2rnd.m3u8
working,Kids,Disney Junior,override,0,https://atlantida1.aquax1.cfd/disjr/usergendxvoq4rnd.m3u8
working,Kids,Minimax,iptv-org-ro,0,https://atlantida1.aquax1.cfd/minimaxy/usergendxny9zrnd.m3u8
working,Kids,Nickelodeon,override,0,https://onyx1.mofta1.cfd/nike/usergenm24qrnd.m3u8
working,Kids,Nicktoons,override,0,https://atlantida1.aquax1.cfd/niktuun/usergendxt7r9CxGrnd.m3u8
working,Muzica,Atomic Academy TV,curated,0,https://atomic.streamnet.ro/academia.m3u8
working,Muzica,Atomic TV,curated,0,https://atomic.streamnet.ro/atomictv.m3u8
working,Muzica,Boom TV (1080p),iptv-org-ro,1080,https://tvboom.ro/live-tv/live.m3u8
working,Muzica,Impact TV (1080p),iptv-org-ro,1080,https://live.tvimpact.ro:8088/hevc/index.m3u8
working,Muzica,Impact TV Dance,curated,0,https://online.tvimpact.live/hls/dancetv.m3u8
working,Muzica,Impact TV Manele,curated,0,https://online.tvimpact.live/hls/impact_tv.m3u8
working,Muzica,Kiss TV,curated,0,https://tv.broadcasting.ro/kisstv/a629c031-2170-4ee9-a36d-87a891aa3131.m3u8
working,Muzica,Magic TV,curated,0,https://tv.broadcasting.ro/magictv/925f90db-5c88-4190-a53d-5163cdffe6f4.m3u8
working,Muzica,Rock TV,curated,0,https://tv.broadcasting.ro/rocktv/85c83a80-4f71-4f2d-a8d6-43f676896bcb.m3u8
working,Muzica,Tele7music (576i),override,576,https://live.tele7music.ro/hls/stream/index.m3u8
working,Radio,Digi FM,curated,0,http://edge76.rdsnet.ro:84/digifm/digifm.mp3
working,Radio,Europa FM,override,0,https://astreaming.edi.ro:8443/EuropaFM_aac
working,Radio,Kiss FM,override,0,https://live.kissfm.ro/kissfm.aacp
working,Radio,Magic FM,override,0,https://live.magicfm.ro/magicfm.aacp
working,Radio,Pro FM,override,0,https://edge126.rcs-rds.ro/profm/profm.mp3
working,Radio,Radio Fx Net (720p),override,720,https://streamlov.alsolnet.com/radiofxnet/live/playlist.m3u8
working,Radio,Radio Guerrilla,curated,0,https://live.guerrillaradio.ro:8443/guerrilla.aac
working,Radio,Radio Romania Antena Satelor (720p) [Not 24/7],iptv-org-ro,720,https://stream3.srr.ro/live/AntenaSatelor/playlist.m3u8
working,Radio,Rock FM,override,0,https://live.rockfm.ro/rockfm.aacp
working,Radio,Virgin Radio,override,0,http://astreaming.virginradio.ro:8000/virgin_aacp_64k
working,Sport,TVR Sport,iptv-org-ro,0,https://tvr-sport.lg.mncdn.com/tvrsport/smil:tvrsport.smil/playlist.m3u8
working,Stiri,Aleph Business (1280p),override,1280,https://streamw.m.ro/Aleph/ngrp:Alephbiz.stream_all/playlist.m3u8
working,Stiri,Digi 24,override,0,https://edge-ar.rcs-rds.ro/digi24ar/index.m3u8
working,Stiri,Euronews România Ⓨ,free-tv-ro,0,https://www.youtube.com/euronewsro/live
working,Stiri,Nasul TV (720p) [Not 24/7],iptv-org-ro,720,https://live.nasul.tv/live/stream.m3u8
working,Stiri,National 24 Plus,iptv-org-ro,0,https://hls01ns.antenaplay.ro/hls/n24-plus-sd/index.m3u8
working,Stiri,Pro TV News (1080p),override,1080,https://cmero-ott-live.ssl.cdn.cra.cz/channels/cme-ro-voyo-news/playlist.m3u8?offsetSeconds=0&url=0
working,Stiri,Realitatea Star (576i),override,576,https://stream.realitatea.net/realitatea/star_md/ts:playlist.m3u8
